Cluster ID,Name,State,Location,Grid Distances,Amplification,Flags,Closest
1,Centro,CDMX,"{""type"": ""Point"", ""coordinates"": [-99.133226, 19.432577]}","[[0.5], [0.5, 0.5], [0.5, 0.5, 0.5], [0.5, 0.5, 0.5, 0.5], [0.5, 0.5, 0.5, 0.5, 0.5], [0.5, 0.5, 0.5, 0.5, 0.5, 0.5]]","[0,0,0,0,0,0]","{""isCentral"": true, ""hasStrongConfirmation"": false}","{""id"": 45, ""name"": ""Amecameca"", ""distance"": 51.678}"
2,Cuernavaca,Mor,"{""type"": ""Point"", ""coordinates"": [-99.233317, 18.921208]}","[[40], [40, 90], [45, 100, 180], [100, 165, 265, 400], [150, 265, 395, 535, 745], [150, 250, 355, 469, 619, 794]]","[1,2,3,4,5,6]","{""isCentral"": true, ""hasStrongConfirmation"": false}","{""id"": 39, ""name"": ""Cuautla"", ""distance"": 32.101}"
3,Iguala,Gro,"{""type"": ""Point"", ""coordinates"": [-99.541152, 18.345012]}","[[133], [133, 233], [133, 233, 314], [133, 233, 314, 480], [133, 233, 314, 480, 638], [133, 233, 314, 480, 638, 760]]","[0,2,3,4,5,6]","{""isCentral"": true, ""hasStrongConfirmation"": false}","{""id"": 2, ""name"": ""Cuernavaca"", ""distance"": 71.893}"
4,Chilpancingo,Gro,"{""type"": ""Point"", ""coordinates"": [-99.50267, 17.519093]}","[[152], [152, 248], [152, 248, 338], [152, 248, 338, 502], [152, 248, 338, 502, 638], [152, 248, 338, 502, 638, 764]] ","[0,2,3,4,5,6]","{""isCentral"": false, ""hasStrongConfirmation"": true}","{""id"": 16, ""name"": ""Ayutla"", ""distance"": 75.41}"
5,Acapulco,Gro,"{""type"": ""Point"", ""coordinates"": [-99.911718, 16.847786]}","[[184], [184, 338], [184, 338, 510], [184, 338, 510, 635], [184, 338, 515, 635, 735], [184, 338, 515, 635, 735, 870]] ","[0,1,2,3,4,5]","{""isCentral"": false, ""hasStrongConfirmation"": true}","{""id"": 6, ""name"": ""Coyuca de Benítez"", ""distance"": 26.08}"
6,Coyuca de Benítez,Gro,"{""type"": ""Point"", ""coordinates"": [-100.089335, 17.009074]}","[[182], [182, 335], [182, 335, 507], [187, 335, 518, 635], [187, 335, 518, 635, 735], [187, 335, 518, 635, 735, 870]]","[0,1,2,3,4,5]","{""isCentral"": false, ""hasStrongConfirmation"": false}","{""id"": 5, ""name"": ""Acapulco"", ""distance"": 26.08}"
7,Atoyac de Álvarez,Gro,"{""type"": ""Point"", ""coordinates"": [-100.429996, 17.207321]}","[[183], [183, 348], [183, 348, 505], [183, 348, 517, 633], [186, 348, 517, 633, 735], [186, 348, 517, 633, 735, 870]] ","[0,1,2,3,4,5]","{""isCentral"": false, ""hasStrongConfirmation"": true}","{""id"": 8, ""name"": ""San Jerónimo"", ""distance"": 8.878}"
8,San Jerónimo,Gro,"{""type"": ""Point"", ""coordinates"": [-100.468439, 17.136528]}","[[183], [183, 348], [183, 348, 505], [183, 348, 517, 633], [186, 348, 517, 633, 735], [186, 348, 517, 633, 735, 870]] ","[0,1,2,3,4,5]","{""isCentral"": false, ""hasStrongConfirmation"": false}","{""id"": 7, ""name"": ""Atoyac"", ""distance"": 8.878}"
9,Técpan de Galeana,Gro,"{""type"": ""Point"", ""coordinates"": [-100.632532, 17.222319]}","[[184], [184, 348], [184, 348, 505], [184, 348, 517, 626], [186, 348, 517, 626, 735], [186, 348, 517, 626, 735, 876]] ","[0,1,2,3,4,5]","{""isCentral"": false, ""hasStrongConfirmation"": false}","{""id"": 8, ""name"": ""San Jerónimo"", ""distance"": 19.894}"
12,Petatlán,Gro,"{""type"": ""Point"", ""coordinates"": [-101.269902, 17.531348]}","[[226], [226, 390], [226, 390, 520], [226, 390, 520, 630], [226, 390, 520, 630, 740], [226, 390, 520, 630, 740, 880]]","[0,1,2,3,4,5]","{""isCentral"": false, ""hasStrongConfirmation"": false}","{""id"": 13, ""name"": ""Ixtapa Zihuatanejo"", ""distance"": 38.144}"
13,Ixtapa Zihuatanejo,Gro,"{""type"": ""Point"", ""coordinates"": [-101.60167, 17.663255]}","[[230], [230, 398], [230, 398, 520], [230, 398, 520, 630], [230, 398, 520, 630, 740], [230, 398, 520, 630, 740, 880]]","[0,1,2,3,4,5]","{""isCentral"": false, ""hasStrongConfirmation"": false}","{""id"": 12, ""name"": ""Petatlán"", ""distance"": 38.144}"
14,Lázaro Cárdenas,Mich,"{""type"": ""Point"", ""coordinates"": [-102.22137, 17.967737]}","[[160], [90, 220], [80, 180, 320], [90, 172, 307, 450], [95, 160, 250, 380, 630], [100, 170, 260, 370, 470, 740]]","[0,0,2,3,4,5]","{""isCentral"": false, ""hasStrongConfirmation"": false}","{""id"": 37, ""name"": ""Caleta"", ""distance"": 59.903}"
15,San Marcos,Gro,"{""type"": ""Point"", ""coordinates"": [-99.389001, 16.796594]}","[[192], [192, 290], [192, 290, 440], [192, 290, 440, 542], [192, 290, 440, 542, 698], [192, 290, 440, 542, 698, 860]]","[0,1,2,3,4,5]","{""isCentral"": false, ""hasStrongConfirmation"": false}","{""id"": 16, ""name"": ""Ayutla"", ""distance"": 35.859}"
16,Ayutla,Gro,"{""type"": ""Point"", ""coordinates"": [-99.099844, 16.961527]}","[[190], [190, 288], [190, 288, 430], [190, 288, 430, 538], [190, 288, 430, 538, 680], [190, 288, 430, 538, 680, 860]] ","[0,1,2,3,4,5]","{""isCentral"": false, ""hasStrongConfirmation"": true}","{""id"": 15, ""name"": ""San Marcos"", ""distance"": 35.859}"
19,Cuajinicuilapa,Gro,"{""type"": ""Point"", ""coordinates"": [-98.417982, 16.469622]}","[[206], [206, 328], [206, 328, 458], [206, 328, 458, 567], [206, 328, 458, 567, 721], [206, 328, 458, 567, 721, 860]] ","[0,1,2,3,4,5]","{""isCentral"": false, ""hasStrongConfirmation"": false}","{""id"": 20, ""name"": ""Ometepec"", ""distance"": 23.785}"
20,Ometepec,Gro,"{""type"": ""Point"", ""coordinates"": [-98.405757, 16.682965]}","[[198], [198, 318], [198, 318, 453], [198, 318, 453, 560], [198, 318, 453, 560, 700], [198, 318, 453, 560, 700, 860]] ","[0,1,2,3,4,5]","{""isCentral"": false, ""hasStrongConfirmation"": false}","{""id"": 19, ""name"": ""Cuajinicuilapa"", ""distance"": 23.785}"
21,Pinotepa Nacional,Oax,"{""type"": ""Point"", ""coordinates"": [-98.049464, 16.338851]}","[[177], [177, 281], [177, 281, 402], [177, 281, 402, 512], [177, 281, 402, 512, 638], [177, 281, 402, 512, 638, 753]] ","[0,0,1,2,3,4]","{""isCentral"": false, ""hasStrongConfirmation"": true}","{""id"": 19, ""name"": ""Cuajinicuilapa"", ""distance"": 41.959}"
22,Cd. Altamirano,Gro,"{""type"": ""Point"", ""coordinates"": [-100.668372, 18.355116]}","[[174], [174, 277], [174, 277, 372], [174, 277, 372, 460], [174, 277, 372, 460, 555], [174, 277, 372, 460, 555, 640]]","[0,1,3,4,5,5]","{""isCentral"": true, ""hasStrongConfirmation"": false}","{""id"": 47, ""name"": ""Tejupilco"", ""distance"": 82.158}"
23,Oaxaca,Oax,"{""type"": ""Point"", ""coordinates"": [-96.722938, 17.060674]}","[[220], [220, 345], [220, 345, 462], [220, 345, 462, 605], [220, 345, 462, 605, 755], [220, 345, 462, 605, 755, 895]]","[0,1,2,3,4,5]","{""isCentral"": false, ""hasStrongConfirmation"": true}","{""id"": 43, ""name"": ""Miahuatlán"", ""distance"": 82.445}"
25,Puebla,Pue,"{""type"": ""Point"", ""coordinates"": [-98.197982, 19.042042]}","[[220], [220, 337], [220, 337, 441], [220, 337, 441, 561], [220, 337, 441, 561, 675], [220, 337, 441, 561, 675, 768]]","[1,2,3,4,5,6]","{""isCentral"": true, ""hasStrongConfirmation"": false}","{""id"": 77, ""name"": ""Cholula"", ""distance"": 9.72}"
26,Guadalajara,Jal,"{""type"": ""Point"", ""coordinates"": [-103.3848953, 20.722240261]}","[[230], [180, 410], [130, 275, 475], [170, 304, 494, 704], [130, 220, 330, 520, 750], [110, 200, 310, 450, 620, 820]]","[0,0,0,3,4,4]","{""isCentral"": true, ""hasStrongConfirmation"": false}","{""id"": 61, ""name"": ""Colima"", ""distance"": 169.818}"
27,Puerto Vallarta,Jal,"{""type"": ""Point"", ""coordinates"": [-105.2559618, 20.6646308]}","[[125], [135, 225], [145, 245, 380], [159, 295, 400, 510], [165, 320, 435, 535, 665], [180, 355, 470, 585, 745, 905]]","[0,0,0,2,3,4]","{""isCentral"": false, ""hasStrongConfirmation"": false}","{""id"": 36, ""name"": ""Pérula"", ""distance"": 118.676}"
28,Manzanillo,Col,"{""type"": ""Point"", ""coordinates"": [-104.3168882, 19.0918886]}","[[125], [135, 225], [145, 245, 380], [159, 295, 400, 510], [165, 320, 435, 535, 665], [180, 355, 470, 585, 745, 905]]","[0,0,2,3,4,4]","{""isCentral"": false, ""hasStrongConfirmation"": false}","{""id"": 60, ""name"": ""Barra de Navidad"", ""distance"": 41.87}"
29,Huatulco,Oax,"{""type"": ""Point"", ""coordinates"": [-96.130983, 15.753483]}","[[240], [240, 370], [240, 370, 488], [240, 370, 488, 610], [240, 370, 488, 610, 780], [240, 370, 488, 610, 780, 930]]","[0,0,1,3,4,4]","{""isCentral"": false, ""hasStrongConfirmation"": false}","{""id"": 63, ""name"": ""Pochutla"", ""distance"": 46.005}"
30,Salina Cruz,Oax,"{""type"": ""Point"", ""coordinates"": [-95.1998643, 16.1833788]}","[[240], [240, 370], [240, 370, 488], [240, 370, 488, 610], [240, 370, 488, 610, 790], [240, 370, 488, 610, 790, 980]]","[0,0,1,3,4,4]","{""isCentral"": false, ""hasStrongConfirmation"": false}","{""id"": 44, ""name"": ""Matías Romero"", ""distance"": 79.13}"
32,Pijijiapan,Chis,"{""type"": ""Point"", ""coordinates"": [-93.2091454, 15.6884279]}","[[266], [266, 420], [266, 420, 570], [266, 420, 570, 704], [266, 420, 570, 704, 840], [266, 420, 570, 704, 840, 1000]]","[0,0,1,2,3,4]","{""isCentral"": false, ""hasStrongConfirmation"": false}","{""id"": 34, ""name"": ""Tonalá"", ""distance"": 73.47}"
33,Tapachula,Chis,"{""type"": ""Point"", ""coordinates"": [-92.262663, 14.9073948]}","[[290], [290, 498], [290, 498, 645], [290, 498, 645, 750], [290, 498, 645, 750, 900], [290, 498, 645, 750, 900, 1040]]","[0,0,0,1,2,3]","{""isCentral"": false, ""hasStrongConfirmation"": false}","{""id"": 32, ""name"": ""Pijijiapan"", ""distance"": 133.744}"
34,Tonalá,Chis,"{""type"": ""Point"", ""coordinates"": [-93.753836, 16.0898463]}","[[252], [252, 408], [252, 408, 522], [252, 408, 222, 658], [252, 408, 522, 658, 820], [252, 408, 522, 658, 820, 990]]","[0,0,1,2,3,4]","{""isCentral"": false, ""hasStrongConfirmation"": false}","{""id"": 32, ""name"": ""Pijijiapan"", ""distance"": 73.47}"
35,Puerto Escondido,Oax,"{""type"": ""Point"", ""coordinates"": [-97.076898, 15.871981]}","[[231], [231, 358], [231, 358, 478], [231, 358, 478, 594], [231, 358, 478, 594, 770], [231, 358, 478, 594, 770, 900]]","[0,0,1,3,4,4]","{""isCentral"": false, ""hasStrongConfirmation"": false}","{""id"": 63, ""name"": ""Pochutla"", ""distance"": 60.808}"
36,Pérula,Jal,"{""type"": ""Point"", ""coordinates"": [-105.142969, 19.603841]}","[[125], [135, 225], [145, 245, 380], [159, 295, 400, 510], [165, 320, 435, 535, 665], [180, 355, 470, 585, 745, 905]]","[0,0,1,2,3,4]","{""isCentral"": false, ""hasStrongConfirmation"": false}","{""id"": 60, ""name"": ""Barra de Navidad"", ""distance"": 63.992}"
37,Caleta,Mich,"{""type"": ""Point"", ""coordinates"": [-102.77339, 18.086178]}","[[125], [135, 225], [145, 245, 380], [159, 295, 400, 510], [165, 320, 435, 535, 665], [180, 355, 470, 585, 745, 905]]","[0,0,1,3,4,5]","{""isCentral"": false, ""hasStrongConfirmation"": true}","{""id"": 14, ""name"": ""Lázaro Cárdenas"", ""distance"": 59.903}"
38,Coahuayana,Mich,"{""type"": ""Point"", ""coordinates"": [-103.663304, 18.637827]}","[[125], [135, 225], [145, 245, 380], [159, 295, 400, 510], [165, 320, 435, 535, 665], [180, 355, 470, 585, 745, 905]]","[0,0,1,3,4,5]","{""isCentral"": false, ""hasStrongConfirmation"": false}","{""id"": 62, ""name"": ""Tecomán"", ""distance"": 38.721}"
39,Cuautla,Mor,"{""type"": ""Point"", ""coordinates"": [-98.943438, 18.832195]}","[[172], [172, 261], [172, 261, 370], [172, 261, 370, 490], [172, 261, 370, 490, 590], [172, 261, 370, 490, 590, 690]]","[1,2,3,4,5,6]","{""isCentral"": true, ""hasStrongConfirmation"": false}","{""id"": 2, ""name"": ""Cuernavaca"", ""distance"": 32.101}"
41,Huajuapan,Oax,"{""type"": ""Point"", ""coordinates"": [-97.764304, 17.812684]}","[[192], [192, 331], [192, 331, 467], [192, 331, 467, 598], [192, 331, 467, 598, 750], [192, 331, 467, 598, 750, 892]]","[0,1,2,3,4,5]","{""isCentral"": true, ""hasStrongConfirmation"": false}","{""id"": 53, ""name"": ""Tehuacán"", ""distance"": 82.062}"
42,Tuxtepec,Oax,"{""type"": ""Point"", ""coordinates"": [-96.141331, 18.089352]}","[[204], [204, 363], [204, 363, 481], [204, 363, 481, 613], [204, 363, 481, 613, 774], [204, 363, 481, 613, 774, 894]]","[0,1,2,3,4,5]","{""isCentral"": true, ""hasStrongConfirmation"": false}","{""id"": 54, ""name"": ""Orizaba"", ""distance"": 129.956}"
43,Miahuatlán,Oax,"{""type"": ""Point"", ""coordinates"": [-96.597469, 16.32987]}","[[250], [250, 370], [250, 370, 488], [250, 370, 488, 616], [250, 370, 488, 616, 780], [250, 370, 488, 616, 780, 930]]","[0,0,2,3,4,4]","{""isCentral"": false, ""hasStrongConfirmation"": true}","{""id"": 35, ""name"": ""Puerto Escondido"", ""distance"": 72.301}"
44,Matías Romero,Oax,"{""type"": ""Point"", ""coordinates"": [-95.038651, 16.877213]}","[[248], [248, 368], [248, 368, 481], [248, 368, 481, 618], [248, 368, 481, 618, 785], [248, 368, 481, 618, 785, 963]]","[0,0,1,2,3,4]","{""isCentral"": false, ""hasStrongConfirmation"": false}","{""id"": 30, ""name"": ""Salina Cruz"", ""distance"": 79.13}"
45,Amecameca,Mex,"{""type"": ""Point"", ""coordinates"": [-98.766543, 19.123205]}","[[40], [40, 90], [45, 100, 180], [100, 165, 265, 400], [150, 265, 395, 535, 745], [150, 250, 355, 469, 619, 794]]","[1,1,3,4,5,6]","{""isCentral"": true, ""hasStrongConfirmation"": false}","{""id"": 39, ""name"": ""Cuautla"", ""distance"": 37.366}"
46,Toluca,Mex,"{""type"": ""Point"", ""coordinates"": [-99.654239, 19.282819]}","[[166], [166, 250], [166, 250, 345], [166, 250, 345, 434], [166, 250, 345, 434, 515], [166, 250, 345, 434, 515, 628]] ","[1,2,3,4,5,6]","{""isCentral"": true, ""hasStrongConfirmation"": false}","{""id"": 1, ""name"": ""Centro"", ""distance"": 57.203}"
47,Tejupilco,Mex,"{""type"": ""Point"", ""coordinates"": [-100.148859, 18.904977]}","[[40], [40, 90], [45, 100, 180], [100, 165, 265, 400], [150, 265, 395, 535, 745], [150, 250, 355, 469, 619, 794]]","[1,1,3,4,5,6]","{""isCentral"": true, ""hasStrongConfirmation"": false}","{""id"": 46, ""name"": ""Toluca"", ""distance"": 66.906}"
48,Atlacomulco,Mex,"{""type"": ""Point"", ""coordinates"": [-99.879216, 19.800027]}","[[40], [40, 90], [45, 100, 180], [100, 165, 265, 400], [150, 265, 395, 535, 745], [150, 250, 355, 469, 619, 794]]","[1,2,3,4,5,6]","{""isCentral"": true, ""hasStrongConfirmation"": false}","{""id"": 50, ""name"": ""Tula"", ""distance"": 62.057}"
50,Tula,Hgo,"{""type"": ""Point"", ""coordinates"": [-99.334432, 20.020024]}","[[40], [40, 90], [45, 100, 180], [100, 165, 265, 400], [150, 265, 395, 535, 745], [150, 250, 355, 469, 619, 794]]","[1,2,4,5,6,6]","{""isCentral"": true, ""hasStrongConfirmation"": false}","{""id"": 51, ""name"": ""Actopan"", ""distance"": 49.09}"
51,Actopan,Hgo,"{""type"": ""Point"", ""coordinates"": [-98.943591, 20.264617]}","[[40], [40, 190], [40, 190, 390], [90, 184, 257, 395], [100, 160, 240, 410, 510], [100, 160, 240, 410, 510, 710]]","[1,2,3,4,5,6]","{""isCentral"": true, ""hasStrongConfirmation"": false}","{""id"": 50, ""name"": ""Tula"", ""distance"": 49.09}"
52,Chiautla,Pue,"{""type"": ""Point"", ""coordinates"": [-98.607139, 18.302991]}","[[150], [150, 244], [150, 244, 332], [150, 244, 332, 442], [150, 244, 332, 442, 560], [150, 244, 332, 442, 560, 744]]","[0,2,3,4,5,5]","{""isCentral"": true, ""hasStrongConfirmation"": false}","{""id"": 39, ""name"": ""Cuautla"", ""distance"": 68.774}"
53,Tehuacán,Pue,"{""type"": ""Point"", ""coordinates"": [-97.392805, 18.459829]}","[[180], [180, 272], [180, 272, 355], [180, 272, 355, 452], [180, 272, 355, 452, 588], [180, 272, 355, 452, 588, 702]]","[0,1,3,4,5,5]","{""isCentral"": true, ""hasStrongConfirmation"": false}","{""id"": 54, ""name"": ""Orizaba"", ""distance"": 54.557}"
54,Orizaba,Ver,"{""type"": ""Point"", ""coordinates"": [-97.076902, 18.847911]}","[[230], [230, 332], [230, 332, 441], [230, 332, 441, 580], [230, 332, 441, 580, 715], [230, 332, 441, 580, 715, 820]]","[0,2,3,4,5,5]","{""isCentral"": true, ""hasStrongConfirmation"": false}","{""id"": 53, ""name"": ""Tehuacán"", ""distance"": 54.557}"
55,Minatitlán,Ver,"{""type"": ""Point"", ""coordinates"": [-94.55845, 17.997238]}","[[250], [150, 350], [80, 185, 385], [140, 250, 400, 580], [140, 220, 335, 460, 600], [160, 250, 350, 460, 630, 810]]","[0,0,0,1,3,4]","{""isCentral"": false, ""hasStrongConfirmation"": false}","{""id"": 44, ""name"": ""Matías Romero"", ""distance"": 134.707}"
56,Tuxtla Gutiérrez,Chis,"{""type"": ""Point"", ""coordinates"": [-93.126899, 16.749445]}","[[258], [258, 404], [258, 404, 530], [258, 404, 530, 658], [258, 404, 530, 658, 810], [258, 404, 530, 658, 810, 995]]","[0,0,1,2,3,4]","{""isCentral"": false, ""hasStrongConfirmation"": false}","{""id"": 34, ""name"": ""Tonalá"", ""distance"": 99.362}"
57,Comitán,Chis,"{""type"": ""Point"", ""coordinates"": [-92.130709, 16.236952]}","[[260], [260, 460], [260, 460, 624], [260, 460, 624, 724], [260, 460, 624, 724, 866], [260, 460, 624, 724, 866, 1030]]","[0,0,0,1,2,3]","{""isCentral"": false, ""hasStrongConfirmation"": false}","{""id"": 56, ""name"": ""Tuxtla Gutiérrez"", ""distance"": 120.67}"
58,Morelia,Mich,"{""type"": ""Point"", ""coordinates"": [-101.204992, 19.712978]}","[[80], [95, 172], [125, 250, 336], [138, 222, 336, 448], [142, 240, 350, 505, 650], [155, 290, 404, 520, 665,855]]","[0,0,2,3,4,5]","{""isCentral"": true, ""hasStrongConfirmation"": false}","{""id"": 48, ""name"": ""Atlacomulco"", ""distance"": 139.235}"
59,Xalapa,Ver,"{""type"": ""Point"", ""coordinates"": [-96.8814432, 19.5065842]}","[[280], [280, 378], [280, 378, 496], [280, 378, 496, 621], [280, 378, 496, 621, 744], [280, 378, 496, 621, 744, 841]]","[0,1,3,4,5,5]","{""isCentral"": true, ""hasStrongConfirmation"": false}","{""id"": 54, ""name"": ""Orizaba"", ""distance"": 76.149}"
60,Barra de Navidad,Jal,"{""type"": ""Point"", ""coordinates"": [-104.692538, 19.216582]}","[[125], [135, 225], [145, 245, 380], [159, 295, 400, 510], [165, 320, 435, 535, 665], [180, 355, 470, 585, 745, 905]]","[0,0,2,3,4,4]","{""isCentral"": false, ""hasStrongConfirmation"": false}","{""id"": 28, ""name"": ""Manzanillo"", ""distance"": 41.87}"
61,Colima,Col,"{""type"": ""Point"", ""coordinates"": [-103.726698, 19.230944]}","[[100], [280, 410], [220, 330, 550], [220, 350, 530, 730], [180, 330, 450, 600, 810], [170, 265, 375, 495, 675, 875]]","[0,0,2,3,4,5]","{""isCentral"": false, ""hasStrongConfirmation"": false}","{""id"": 62, ""name"": ""Tecomán"", ""distance"": 48.687}"
62,Tecomán,Col,"{""type"": ""Point"", ""coordinates"": [-103.95426, 18.850133]}","[[125], [135, 225], [145, 245, 380], [159, 295, 400, 510], [165, 320, 435, 535, 665], [180, 355, 470, 585, 745, 905]]","[0,0,2,3,4,5]","{""isCentral"": false, ""hasStrongConfirmation"": false}","{""id"": 38, ""name"": ""Coahuayana"", ""distance"": 38.721}"
63,Pochutla,Oax,"{""type"": ""Point"", ""coordinates"": [-96.550778, 15.666962]}","[[238], [238, 365], [238, 365, 484], [238, 365, 484, 600], [238, 365, 484, 600, 780], [238, 365, 484, 600, 780, 900]]","[0,0,1,3,4,4]","{""isCentral"": false, ""hasStrongConfirmation"": false}","{""id"": 29, ""name"": ""Huatulco"", ""distance"": 46.005}"
64,Peribán,Mich,"{""type"": ""Point"", ""coordinates"": [-102.456530, 19.560577]}","[[70], [75, 170], [90, 180, 300], [100, 185, 298, 448], [110, 205, 305, 470, 650], [120, 230, 325, 465, 665, 875]]","[0,0,1,2,3,4]","{""isCentral"": false, ""hasStrongConfirmation"": false}","{""id"": 29, ""name"": ""Huatulco"", ""distance"": 46.005}"
65,Cruz Grande,Gro,"{""type"": ""Point"", ""coordinates"": [-99.123851, 16.723876]} ","[[196], [196, 306], [196, 306, 444], [196, 306, 444, 548], [196, 306, 444, 548, 698], [196, 306, 444, 548, 698, 860]] ","[0,1,2,3,4,5]","{""isCentral"": false, ""hasStrongConfirmation"": false}","{""id"": 16, ""name"": ""Ayutla"", ""distance"": 26.57}"
66,Tomatlán,Jal,"{""type"": ""Point"", ""coordinates"": [-105.249266, 19.936101]}  ","[[125], [135, 225], [145, 245, 380], [159, 295, 400, 510], [165, 320, 435, 535, 665], [180, 355, 470, 585, 745, 905]]","[0,0,0,2,3,4]","{""isCentral"": false, ""hasStrongConfirmation"": false}","{""id"": 36, ""name"": ""Pérula"", ""distance"": 40.69}"
67,Acatlán de Osorio,Pue,"{""type"": ""Point"", ""coordinates"": [-98.0496421,18.203866]}","[[165], [165, 277], [165, 277, 390], [165, 277, 390, 498], [165, 277, 390, 498, 620], [165, 277, 390, 498, 620, 730]]","[0,1,3,4,5,5]","{""isCentral"": true, ""hasStrongConfirmation"": false}","{""id"": 41, ""name"": ""Huajuapan"", ""distance"": 51.15}"
68,Santiago Astata,Oax,"{""type"": ""Point"", ""coordinates"": [-95.687715,15.981926]}","[[235], [235, 372], [235, 372, 480], [235, 372, 480, 620], [235, 372, 480, 620, 790], [235, 372, 480, 620, 790, 980]]","[0,0,1,3,4,4]","{""isCentral"": false, ""hasStrongConfirmation"": false}","{""id"": 29, ""name"": ""Huatulco"", ""distance"": 53.79}"
69,Río Grande,Oax,"{""type"": ""Point"", ""coordinates"": [-97.437805,16.013784]}","[[240], [240, 350], [240, 350, 480], [240, 350, 480, 600], [240, 350, 480, 600, 798], [240, 350, 480, 600, 798, 930]]","[0,0,1,3,4,4]","{""isCentral"": false, ""hasStrongConfirmation"": false}","{""id"": 35, ""name"": ""Puerto Escondido"", ""distance"": 41.70}"
70,Papanoa,Gro,"{""type"": ""Point"", ""coordinates"": [-101.0439441, 17.323186]}","[[216], [216, 380], [216, 380, 508], [216, 380, 508, 610], [216, 380, 508, 610, 720], [216, 380, 508, 610, 720, 840]]","[0,1,2,3,4,5]","{""isCentral"": false, ""hasStrongConfirmation"": false}","{""id"": 8, ""name"": ""San Jerónimo"", ""distance"": 19.894}"
71,Acambay,Mex,"{""type"": ""Point"", ""coordinates"": [-99.849044, 19.958090]}","[[198], [198, 268], [198, 268, 368], [198, 268, 368, 460], [198, 268, 368, 460, 525], [198, 268, 368, 460, 552, 638]]","[1,2,3,5,6,6]","{""isCentral"": true, ""hasStrongConfirmation"": false}","{""id"": 46, ""name"": ""Toluca"", ""distance"": 75.352}"
72,Ciudad Guzmán,Jal,"{""type"": ""Point"", ""coordinates"": [-103.4635495,19.7246332]}","[[230], [180, 410], [130, 275, 475], [170, 304, 494, 704], [130, 220, 330, 520, 750], [110, 200, 310, 450, 620, 820]]","[0,0,0,2,3,4]","{""isCentral"": false, ""hasStrongConfirmation"": false}","{""id"": 36, ""name"": ""Pérula"", ""distance"": 40.69}"
73,Maruata,Mich,"{""type"": ""Point"", ""coordinates"": [-103.3569795, 18.2729046]}","[[182], [182, 283], [182, 283, 419], [182, 283, 419, 558], [182, 283, 419, 558, 698], [182, 283, 419, 558, 698, 817]]","[0,0,2,3,4,5]","{""isCentral"": false, ""hasStrongConfirmation"": true}","{""id"": 14, ""name"": ""Caleta"", ""distance"": 62.9}"
74,El Faro de Bucerías,Mich,"{""type"": ""Point"", ""coordinates"": [-103.508945, 18.349611]}","[[182], [182, 283], [182, 283, 419], [182, 283, 419, 558], [182, 283, 419, 558, 698], [182, 283, 419, 558, 698, 817]]","[0,0,2,3,4,5]","{""isCentral"": false, ""hasStrongConfirmation"": true}","{""id"": 73, ""name"": ""Maruata"", ""distance"": 19.4}"
75,Barra Vieja,Gro,"{""type"": ""Point"", ""coordinates"": [-99.630313, 16.691473]}","[[184], [184, 338], [184, 338, 510], [184, 338, 510, 635], [184, 338, 515, 635, 735], [184, 338, 515, 635, 735, 870]] ","[0,1,2,3,4,5]","{""isCentral"": false, ""hasStrongConfirmation"": true}","{""id"": 5, ""name"": ""Acapulco"", ""distance"": 27.5}"
76,Marquelia,Gro,"{""type"": ""Point"", ""coordinates"": [-98.818204, 16.598163]}","[[204], [204, 318], [204, 318, 444], [204, 318, 444, 550], [204, 318, 444, 550, 698], [204, 318, 444, 550, 698, 860]] ","[0,1,2,3,4,5]","{""isCentral"": false, ""hasStrongConfirmation"": false}","{""id"": 65, ""name"": ""San Marcos"", ""distance"": 35.4}"
77,Cholula,Pue,"{""type"": ""Point"", ""coordinates"": [-98.2883542, 19.0580903]}","[[220], [220, 337], [220, 337, 441], [220, 337, 441, 561], [220, 337, 441, 561, 675], [220, 337, 441, 561, 675, 768]]","[1,2,3,4,5,6]","{""isCentral"": true, ""hasStrongConfirmation"": false}","{""id"": 25, ""name"": ""Puebla"", ""distance"": 9.72}"
78,San Juan de Alima,Mich,"{""type"": ""Point"", ""coordinates"": [-103.6713146, 18.581271]}","[[125], [135, 225], [145, 245, 380], [159, 295, 400, 510], [165, 320, 435, 535, 665], [180, 355, 470, 585, 745, 905]]","[0,0,1,3,4,5]","{""isCentral"": false, ""hasStrongConfirmation"": false}","{""id"": 62, ""name"": ""Tecomán"", ""distance"": 38.721}"
79,Autlán de Navarro,Jal,"{""type"": ""Point"", ""coordinates"": [-104.3638078, 19.7711417]}","[[177], [177, 291], [177, 291, 434], [177, 291, 434, 561], [177, 291, 434, 561, 714], [177, 291, 434, 561, 714, 870]]","[0,0,1,3,4,5]","{""isCentral"": false, ""hasStrongConfirmation"": false}","{""id"": 60, ""name"": ""Barra de Navidad"", ""distance"": 70.37}"
80,Casimiro Castillo,Jal,"{""type"": ""Point"", ""coordinates"": [-104.4362368, 19.6027165]}","[[177], [177, 291], [177, 291, 434], [177, 291, 434, 561], [177, 291, 434, 561, 714], [177, 291, 434, 561, 714, 870]]","[0,0,1,3,4,5]","{""isCentral"": false, ""hasStrongConfirmation"": false}","{""id"": 60, ""name"": ""Barra de Navidad"", ""distance"": 50.50}"
81,Huixtla,Chis,"{""type"": ""Point"", ""coordinates"": [-92.4663239, 15.1381095]}","[[290], [290, 498], [290, 498, 645], [290, 498, 645, 750], [290, 498, 645, 750, 900], [290, 498, 645, 750, 900, 1040]]","[0,0,0,1,2,3]","{""isCentral"": false, ""hasStrongConfirmation"": false}","{""id"": 33, ""name"": ""Tapachula"", ""distance"": 33.7}"
82,Arriaga,Chis,"{""type"": ""Point"", ""coordinates"": [-93.9066015, 16.2425856]}","[[252], [252, 408], [252, 408, 522], [252, 408, 222, 658], [252, 408, 522, 658, 820], [252, 408, 522, 658, 820, 990]]","[0,0,1,2,3,4]","{""isCentral"": false, ""hasStrongConfirmation"": false}","{""id"": 34, ""name"": ""Tonalá"", ""distance"": 23.4}"
999,Vanuatu,Sanma,"{""coordinates"": [167.12043083190918, -15.14384257818833]}","[[40], [40, 190], [40, 190, 390], [40, 134, 207, 345], [50, 110, 190, 360, 460], [50, 110, 190, 360, 460, 660]]","[0,0,0,0,0,0]","{""isCentral"": false, ""hasStrongConfirmation"": false}","{""id"": 36, ""name"": ""Pérula"", ""distance"": 10348.898}"